FECHA (YYMMDD);HORA (HHMM);Registros validados;Registros preliminares;Registros no validados;
161126;0000;;;4,78409;
161127;0000;;;7,1071;
161128;0000;;;;
161129;0000;;;11,3569;
161130;0000;;;14,3904;
161201;0000;;;14,0033;
161202;0000;;;10,0407;
161203;0000;;;10,8048;
161204;0000;;;8,91557;
161205;0000;;;8,67943;
161206;0000;;;8,30611;
161207;0000;;;6,92995;
161208;0000;;;8,44301;
161209;0000;;;8,40909;
161210;0000;;;10,8321;
161211;0000;;;6,69919;
161212;0000;;;5,62846;
161213;0000;;;6,60527;
161214;0000;;;14,123;
161215;0000;;;17,649;
161216;0000;;;12,0678;
161217;0000;;;7,51283;
161218;0000;;;10,2189;
161219;0000;;;6,95065;
161220;0000;;;7,04964;
161221;0000;;;5,9159;
161222;0000;;;8,47432;
161223;0000;;;6,8028;
161224;0000;;;8,62683;
161225;0000;;;5,83057;
161226;0000;;;6,99505;
161227;0000;;;;
161228;0000;;;9,4922;
161229;0000;;;18,8622;
161230;0000;;;4,88863;
161231;0000;;;5,65092;
170101;0000;9,36037;;;
170102;0000;7,91133;;;
170103;0000;7,31683;;;
170104;0000;6,94752;;;
170105;0000;9,20177;;;
170106;0000;9,36751;;;
170107;0000;9,00018;;;
170108;0000;6,36255;;;
170109;0000;;;;
170110;0000;;;;
170111;0000;6,61279;;;
170112;0000;6,43109;;;
170113;0000;9,38116;;;
170114;0000;8,35437;;;
170115;0000;9,78342;;;
170116;0000;5,43821;;;
170117;0000;7,03488;;;
170118;0000;13,7899;;;
170119;0000;9,66675;;;
170120;0000;10,0215;;;
170121;0000;12,9228;;;
170122;0000;18,355;;;
170123;0000;11,0147;;;
170124;0000;10,7673;;;
170125;0000;15,836;;;
170126;0000;55,6457;;;
170127;0000;105,049;;;
170128;0000;126,711;;;
170129;0000;83,8538;;;
170130;0000;36,7358;;;
170131;0000;28,8558;;;
170201;0000;27,3263;;;
170202;0000;17,5688;;;
170203;0000;25,1204;;;
170204;0000;9,51405;;;
170205;0000;11,6633;;;
170206;0000;9,27942;;;
170207;0000;15,0276;;;
170208;0000;10,9549;;;
170209;0000;10,0258;;;
170210;0000;12,3097;;;
170211;0000;12,4722;;;
170212;0000;10,4976;;;
170213;0000;12,5252;;;
170214;0000;13,9361;;;
170215;0000;15,6405;;;
170216;0000;8,17856;;;
170217;0000;6,1667;;;
170218;0000;8,46365;;;
170219;0000;6,34864;;;
170220;0000;6,38677;;;
170221;0000;5,0313;;;
170222;0000;8,26224;;;
170223;0000;8,45284;;;
170224;0000;8,73688;;;
170225;0000;11,2495;;;
170226;0000;9,97758;;;
170227;0000;5,65863;;;
170228;0000;;;;
170301;0000;;;;
170302;0000;10,0003;;;
170303;0000;10,5484;;;
170304;0000;8,58591;;;
170305;0000;11,1899;;;
170306;0000;10,5174;;;
170307;0000;13,8775;;;
170308;0000;;;;
170309;0000;6,15474;;;
170310;0000;8,39056;;;
170311;0000;11,1613;;;
170312;0000;;;;
170313;0000;13,1869;;;
170314;0000;12,5614;;;
170315;0000;13,9124;;;
170316;0000;20,911;;;
170317;0000;24,6454;;;
170318;0000;16,4694;;;
170319;0000;13,7507;;;
170320;0000;12,8966;;;
170321;0000;16,4639;;;
170322;0000;18,0167;;;
170323;0000;19,4979;;;
170324;0000;10,4798;;;
170325;0000;14,8247;;;
170326;0000;13,8307;;;
170327;0000;9,222;;;
170328;0000;14,9552;;;
170329;0000;15,1849;;;
170330;0000;11,1904;;;
170331;0000;17,9874;;;
170401;0000;20,067;;;
170402;0000;17,9604;;;
170403;0000;9,75522;;;
170404;0000;14,9754;;;
170405;0000;13,0795;;;
170406;0000;16,669;;;
170407;0000;13,2408;;;
170408;0000;8,69626;;;
170409;0000;20,2684;;;
170410;0000;12,3111;;;
170411;0000;19,0426;;;
170412;0000;21,6364;;;
170413;0000;23,1775;;;
170414;0000;27,1301;;;
170415;0000;22,4125;;;
170416;0000;19,6038;;;
170417;0000;22,3774;;;
170418;0000;20,5808;;;
170419;0000;13,379;;;
170420;0000;;;12,4767;
170421;0000;18,9249;;;
170422;0000;20,9635;;;
170423;0000;22,8133;;;
170424;0000;27,8233;;;
170425;0000;31,4283;;;
170426;0000;34,91;;;
170427;0000;21,054;;;
170428;0000;24,5044;;;
170429;0000;25,7523;;;
170430;0000;27,8926;;;
170501;0000;15;;;
170502;0000;;;18;
170503;0000;16;;;
170504;0000;26;;;
170505;0000;15;;;
170506;0000;;;;
170507;0000;20;;;
170508;0000;14;;;
170509;0000;27;;;
170510;0000;32;;;
170511;0000;13;;;
170512;0000;;;;
170513;0000;11;;;
170514;0000;19;;;
170515;0000;19;;;
170516;0000;15;;;
170517;0000;24;;;
170518;0000;28;;;
170519;0000;36;;;
170520;0000;44;;;
170521;0000;37;;;
170522;0000;26;;;
170523;0000;28;;;
170524;0000;32;;;
170525;0000;51;;;
170526;0000;61;;;
170527;0000;56;;;
170528;0000;47;;;
170529;0000;49;;;
170530;0000;26;;;
170531;0000;44;;;
170601;0000;50;;;
170602;0000;48;;;
170603;0000;19;;;
170604;0000;25;;;
170605;0000;32;;;
170606;0000;30;;;
170607;0000;15;;;
170608;0000;29;;;
170609;0000;23;;;
170610;0000;12;;;
170611;0000;51;;;
170612;0000;50;;;
170613;0000;49;;;
170614;0000;56;;;
170615;0000;;;12;
170616;0000;;;;
170617;0000;;;;
170618;0000;29;;;
170619;0000;39;;;
170620;0000;39;;;
170621;0000;20;;;
170622;0000;;;19;
170623;0000;25;;;
170624;0000;32;;;
170625;0000;;;;
170626;0000;;;;
170627;0000;25;;;
170628;0000;15;;;
170629;0000;24;;;
170630;0000;21;;;
170701;0000;34;;;
170702;0000;27;;;
170703;0000;14;;;
170704;0000;33;;;
170705;0000;24;;;
170706;0000;29;;;
170707;0000;34;;;
170708;0000;24;;;
170709;0000;39;;;
170710;0000;72;;;
170711;0000;56;;;
170712;0000;33;;;
170713;0000;10;;;
170714;0000;10;;;
170715;0000;25;;;
170716;0000;30;;;
170717;0000;44;;;
170718;0000;55;;;
170719;0000;63;;;
170720;0000;63;;;
170721;0000;33;;;
170722;0000;15;;;
170723;0000;34;;;
170724;0000;45;;;
170725;0000;69;;;
170726;0000;56;;;
170727;0000;39;;;
170728;0000;37;;;
170729;0000;53;;;
170730;0000;43;;;
170731;0000;58;;;
170801;0000;55;;;
170802;0000;58;;;
170803;0000;48;;;
170804;0000;44;;;
170805;0000;;;;
170806;0000;;;;
170807;0000;31;;;
170808;0000;13;;;
170809;0000;22;;;
170810;0000;20;;;
170811;0000;41;;;
170812;0000;30;;;
170813;0000;;;;
170814;0000;27;;;
170815;0000;41;;;
170816;0000;30;;;
170817;0000;23;;;
170818;0000;23;;;
170819;0000;27;;;
170820;0000;27;;;
170821;0000;21;;;
170822;0000;22;;;
170823;0000;14;;;
170824;0000;12;;;
170825;0000;19;;;
170826;0000;;;33;
170827;0000;26;;;
170828;0000;26;;;
170829;0000;19;;;
170830;0000;50;;;
170831;0000;;;38;
170901;0000;28;;;
170902;0000;33;;;
170903;0000;21;;;
170904;0000;24;;;
170905;0000;;;32;
170906;0000;;;;
170907;0000;34;;;
170908;0000;37;;;
170909;0000;57;;;
170910;0000;44;;;
170911;0000;33;;;
170912;0000;44;;;
170913;0000;25;;;
170914;0000;6;;;
170915;0000;24;;;
170916;0000;37;;;
170917;0000;24;;;
170918;0000;23;;;
170919;0000;19;;;
170920;0000;;;20;
170921;0000;19;;;
170922;0000;19;;;
170923;0000;16;;;
170924;0000;21;;;
170925;0000;26;;;
170926;0000;33;;;
170927;0000;26;;;
170928;0000;27;;;
170929;0000;10;;;
170930;0000;10;;;
171001;0000;14;;;
171002;0000;23;;;
171003;0000;8;;;
171004;0000;16;;;
171005;0000;12;;;
171006;0000;16;;;
171007;0000;19;;;
171008;0000;13;;;
171009;0000;11;;;
171010;0000;;;23;
171011;0000;13;;;
171012;0000;14;;;
171013;0000;20;;;
171014;0000;15;;;
171015;0000;17;;;
171016;0000;16;;;
171017;0000;7;;;
171018;0000;7;;;
171019;0000;7;;;
171020;0000;16;;;
171021;0000;13;;;
171022;0000;;;;
171023;0000;7;;;
171024;0000;8;;;
171025;0000;5;;;
171026;0000;11;;;
171027;0000;8;;;
171028;0000;;;;
171029;0000;11;;;
171030;0000;12;;;
171031;0000;10;;;
171101;0000;12;;;
171102;0000;14;;;
171103;0000;10;;;
171104;0000;8;;;
171105;0000;14;;;
171106;0000;11;;;
171107;0000;12;;;
171108;0000;;;10;
171109;0000;;;;
171110;0000;8;;;
171111;0000;10;;;
171112;0000;7;;;
171113;0000;;;;
171114;0000;7;;;
171115;0000;7;;;
171116;0000;7;;;
171117;0000;6;;;
171118;0000;;;11;
171119;0000;;;12;
171120;0000;15;;;
171121;0000;12;;;
171122;0000;10;;;
171123;0000;12;;;
171124;0000;16;;;
171125;0000;13;;;
171126;0000;13;;;
171127;0000;11;;;
171128;0000;14;;;
171129;0000;15;;;
171130;0000;11;;;
171201;0000;14;;;
171202;0000;16;;;
171203;0000;15;;;
171204;0000;15;;;
171205;0000;;;11;
171206;0000;;;13;
171207;0000;;;12;
171208;0000;;;14;
171209;0000;;;12;
171210;0000;10;;;
171211;0000;7;;;
171212;0000;3;;;
171213;0000;;;7;
171214;0000;;;;
171215;0000;3;;;
171216;0000;9;;;
171217;0000;13;;;
171218;0000;11;;;
171219;0000;;;9;
171220;0000;7;;;
171221;0000;8;;;
171222;0000;10;;;
171223;0000;9;;;
171224;0000;11;;;
171225;0000;7;;;
171226;0000;5;;;
171227;0000;5;;;
171228;0000;7;;;
171229;0000;8;;;
171230;0000;;;;
171231;0000;12;;;
180101;0000;9;;;
180102;0000;6;;;
180103;0000;3;;;
180104;0000;5;;;
180105;0000;6;;;
180106;0000;8;;;
180107;0000;9;;;
180108;0000;7;;;
180109;0000;13;;;
180110;0000;11;;;
180111;0000;15;;;
180112;0000;;14;;
180113;0000;;11;;
180114;0000;;14;;
180115;0000;;10;;
180116;0000;;11;;
180117;0000;;9;;
180118;0000;;9;;
180119;0000;10;;;
180120;0000;11;;;
180121;0000;11;;;
180122;0000;10;;;
180123;0000;10;;;
180124;0000;11;;;
180125;0000;16;;;
180126;0000;;11;;
180127;0000;;14;;
180128;0000;;11;;
180129;0000;13;;;
180130;0000;10;;;
180131;0000;10;;;
180201;0000;16;;;
180202;0000;14;;;
180203;0000;15;;;
180204;0000;15;;;
180205;0000;8;;;
180206;0000;8;;;
180207;0000;12;;;
180208;0000;10;;;
180209;0000;9;;;
180210;0000;11;;;
180211;0000;14;;;
180212;0000;17;;;
180213;0000;15;;;
180214;0000;21;;;
180215;0000;;;;
180216;0000;9;;;
180217;0000;8;;;
180218;0000;8;;;
180219;0000;11;;;
180220;0000;9;;;
180221;0000;11;;;
180222;0000;9;;;
180223;0000;6;;;
180224;0000;15;;;
180225;0000;13;;;
180226;0000;8;;;
180227;0000;13;;;
180228;0000;11;;;
180301;0000;;12;;
180302;0000;;11;;
180303;0000;;13;;
180304;0000;;9;;
180305;0000;;12;;
180306;0000;;16;;
180307;0000;;17;;
180308;0000;;14;;
180309;0000;;11;;
180310;0000;;8;;
180311;0000;;9;;
180312;0000;;11;;
180313;0000;;10;;
180314;0000;;18;;
180315;0000;;12;;
180316;0000;;6;;
180317;0000;;10;;
180318;0000;;15;;
180319;0000;;22;;
180320;0000;;18;;
180321;0000;;11;;
180322;0000;;6;;
180323;0000;;9;;
180324;0000;;17;;
180325;0000;;14;;
180326;0000;;18;;
180327;0000;;20;;
180328;0000;;15;;
180329;0000;;12;;
180330;0000;;14;;
180331;0000;;15;;
180401;0000;;15;;
180402;0000;;17;;
180403;0000;;22;;
180404;0000;;16;;
180405;0000;;15;;
180406;0000;;26;;
180407;0000;;31;;
180408;0000;;24;;
180409;0000;;11;;
180410;0000;;11;;
180411;0000;;23;;
180412;0000;;36;;
180413;0000;;29;;
180414;0000;;29;;
180415;0000;;22;;
180416;0000;;13;;
180417;0000;;27;;
180418;0000;;31;;
180419;0000;;35;;
180420;0000;;34;;
180421;0000;;;34;
180422;0000;;25;;
180423;0000;;;53;
180424;0000;;46;;
180425;0000;;68;;
180426;0000;;24;;
180427;0000;;;4;
180428;0000;;;;
180429;0000;;;;
180430;0000;;;;
180501;0000;;;;
180502;0000;;;;
180503;0000;;;13;
180504;0000;35;;;
180505;0000;44;;;
180506;0000;36;;;
180507;0000;32;;;
180508;0000;21;;;
180509;0000;42;;;
180510;0000;39;;;
180511;0000;37;;;
180512;0000;32;;;
180513;0000;15;;;
180514;0000;20;;;
180515;0000;29;;;
180516;0000;46;;;
180517;0000;39;;;
180518;0000;29;;;
180519;0000;26;;;
180520;0000;35;;;
180521;0000;36;;;
180522;0000;42;;;
180523;0000;55;;;
180524;0000;67;;;
180525;0000;42;;;
180526;0000;16;;;
180527;0000;21;;;
180528;0000;;;;
180529;0000;;;8;
180530;0000;;;2;
180531;0000;;;2;
180601;0000;;;37;
180602;0000;53;;;
180603;0000;51;;;
180604;0000;36;;;
180605;0000;;;;
180606;0000;33;;;
180607;0000;37;;;
180608;0000;15;;;
180609;0000;15;;;
180610;0000;29;;;
180611;0000;29;;;
180612;0000;22;;;
180613;0000;30;;;
180614;0000;38;;;
180615;0000;55;;;
180616;0000;48;;;
180617;0000;35;;;
180618;0000;28;;;
180619;0000;17;;;
180620;0000;30;;;
180621;0000;73;;;
180622;0000;40;;;
180623;0000;33;;;
180624;0000;47;;;
180625;0000;37;;;
180626;0000;8;;;
180627;0000;16;;;
180628;0000;41;;;
180629;0000;29;;;
180630;0000;32;;;
180701;0000;15;;;
180702;0000;15;;;
180703;0000;13;;;
180704;0000;5;;;
180705;0000;9;;;
180706;0000;12;;;
180707;0000;13;;;
180708;0000;32;;;
180709;0000;38;;;
180710;0000;27;;;
180711;0000;49;;;
180712;0000;71;;;
180713;0000;32;;;
180714;0000;22;;;
180715;0000;35;;;
180716;0000;43;;;
180717;0000;35;;;
180718;0000;33;;;
180719;0000;42;;;
180720;0000;53;;;
180721;0000;46;;;
180722;0000;40;;;
180723;0000;53;;;
180724;0000;66;;;
180725;0000;40;;;
180726;0000;71;;;
180727;0000;41;;;
180728;0000;63;;;
180729;0000;44;;;
180730;0000;33;;;
180731;0000;56;;;
180801;0000;53;;;
180802;0000;39;;;
180803;0000;27;;;
180804;0000;65;;;
180805;0000;21;;;
180806;0000;8;;;
180807;0000;31;;;
180808;0000;24;;;
180809;0000;53;;;
180810;0000;35;;;
180811;0000;39;;;
180812;0000;27;;;
180813;0000;20;;;
180814;0000;;;;
180815;0000;39;;;
180816;0000;60;;;
180817;0000;44;;;
180818;0000;;;;
180819;0000;;;;
180820;0000;54;;;
180821;0000;35;;;
180822;0000;28;;;
180823;0000;25;;;
180824;0000;;;;
180825;0000;30;;;
180826;0000;30;;;
180827;0000;38;;;
180828;0000;34;;;
180829;0000;33;;;
180830;0000;36;;;
180831;0000;18;;;
180901;0000;25;;;
180902;0000;24;;;
180903;0000;30;;;
180904;0000;;;;
180905;0000;13;;;
180906;0000;15;;;
180907;0000;25;;;
180908;0000;27;;;
180909;0000;24;;;
180910;0000;26;;;
180911;0000;19;;;
180912;0000;26;;;
180913;0000;28;;;
180914;0000;24;;;
180915;0000;24;;;
180916;0000;17;;;
180917;0000;11;;;
180918;0000;9;;;
180919;0000;12;;;
180920;0000;13;;;
180921;0000;8;;;
180922;0000;13;;;
180923;0000;8;;;
180924;0000;8;;;
180925;0000;14;;;
180926;0000;22;;;
180927;0000;10;;;
180928;0000;7;;;
180929;0000;6;;;
180930;0000;10;;;
181001;0000;13;;;
181002;0000;18;;;
181003;0000;14;;;
181004;0000;17;;;
181005;0000;14;;;
181006;0000;14;;;
181007;0000;11;;;
181008;0000;12;;;
181009;0000;6;;;
181010;0000;18;;;
181011;0000;13;;;
181012;0000;12;;;
181013;0000;12;;;
181014;0000;7;;;
181015;0000;20;;;
181016;0000;14;;;
181017;0000;9;;;
181018;0000;10;;;
181019;0000;8;;;
181020;0000;8;;;
181021;0000;6;;;
181022;0000;15;;;
181023;0000;15;;;
181024;0000;8;;;
181025;0000;8;;;
181026;0000;6;;;
181027;0000;5;;;
181028;0000;9;;;
181029;0000;;;;
181030;0000;;;;
181031;0000;7;;;
181101;0000;9;;;
181102;0000;14;;;
181103;0000;8;;;
181104;0000;8;;;
181105;0000;9;;;
181106;0000;9;;;
181107;0000;7;;;
181108;0000;6;;;
181109;0000;4;;;
181110;0000;6;;;
181111;0000;6;;;
181112;0000;6;;;
181113;0000;5;;;
181114;0000;;;9;
181115;0000;;;13;
181116;0000;;;17;
181117;0000;3;;;
181118;0000;5;;;
181119;0000;4;;;
181120;0000;5;;;
181121;0000;;;;
181122;0000;;;;
181123;0000;;;;
181124;0000;;;;
181125;0000;9;;;
181126;0000;7;;;
181127;0000;9;;;
181128;0000;11;;;
181129;0000;11;;;
181130;0000;7;;;
181201;0000;12;;;
181202;0000;13;;;
181203;0000;14;;;
181204;0000;11;;;
181205;0000;12;;;
181206;0000;13;;;
181207;0000;10;;;
181208;0000;8;;;
181209;0000;7;;;
181210;0000;7;;;
181211;0000;5;;;
181212;0000;6;;;
181213;0000;7;;;
181214;0000;6;;;
181215;0000;6;;;
181216;0000;7;;;
181217;0000;8;;;
181218;0000;8;;;
181219;0000;9;;;
181220;0000;8;;;
181221;0000;8;;;
181222;0000;11;;;
181223;0000;11;;;
181224;0000;10;;;
181225;0000;;6;;
181226;0000;;7;;
181227;0000;;14;;
181228;0000;;12;;
181229;0000;;6;;
181230;0000;;5;;
181231;0000;;7;;
190101;0000;10;;;
190102;0000;5;;;
190103;0000;8;;;
190104;0000;12;;;
190105;0000;13;;;
190106;0000;10;;;
190107;0000;5;;;
190108;0000;5;;;
190109;0000;4;;;
190110;0000;7;;;
190111;0000;9;;;
190112;0000;10;;;
190113;0000;9;;;
190114;0000;9;;;
190115;0000;9;;;
190116;0000;7;;;
190117;0000;15;;;
190118;0000;10;;;
190119;0000;12;;;
190120;0000;9;;;
190121;0000;9;;;
190122;0000;12;;;
190123;0000;13;;;
190124;0000;11;;;
190125;0000;12;;;
190126;0000;12;;;
190127;0000;13;;;
190128;0000;11;;;
190129;0000;10;;;
190130;0000;13;;;
190131;0000;16;;;
190201;0000;12;;;
190202;0000;15;;;
190203;0000;8;;;
190204;0000;9;;;
190205;0000;16;;;
190206;0000;12;;;
190207;0000;10;;;
190208;0000;11;;;
190209;0000;15;;;
190210;0000;15;;;
190211;0000;4;;;
190212;0000;10;;;
190213;0000;9;;;
190214;0000;46;;;
190215;0000;19;;;
190216;0000;11;;;
190217;0000;17;;;
190218;0000;13;;;
190219;0000;4;;;
190220;0000;5;;;
190221;0000;5;;;
190222;0000;5;;;
190223;0000;9;;;
190224;0000;8;;;
190225;0000;10;;;
190226;0000;12;;;
190227;0000;10;;;
190228;0000;16;;;
190301;0000;12;;;
190302;0000;11;;;
190303;0000;7;;;
190304;0000;8;;;
190305;0000;10;;;
190306;0000;7;;;
190307;0000;9;;;
190308;0000;7;;;
190309;0000;12;;;
190310;0000;12;;;
190311;0000;11;;;
190312;0000;12;;;
190313;0000;12;;;
190314;0000;13;;;
190315;0000;14;;;
190316;0000;14;;;
190317;0000;10;;;
190318;0000;9;;;
190319;0000;12;;;
190320;0000;13;;;
190321;0000;14;;;
190322;0000;11;;;
190323;0000;13;;;
190324;0000;16;;;
190325;0000;16;;;
190326;0000;17;;;
190327;0000;15;;;
190328;0000;15;;;
190329;0000;26;;;
190330;0000;34;;;
190331;0000;22;;;
190401;0000;19;;;
190402;0000;17;;;
190403;0000;14;;;
190404;0000;11;;;
190405;0000;27;;;
190406;0000;26;;;
190407;0000;15;;;
190408;0000;16;;;
190409;0000;15;;;
190410;0000;18;;;
190411;0000;19;;;
190412;0000;20;;;
190413;0000;16;;;
190414;0000;22;;;
190415;0000;25;;;
190416;0000;26;;;
190417;0000;20;;;
190418;0000;27;;;
190419;0000;22;;;
190420;0000;22;;;
190421;0000;31;;;
190422;0000;32;;;
190423;0000;36;;;
190424;0000;52;;;
190425;0000;45;;;
190426;0000;51;;;
190427;0000;30;;;
190428;0000;19;;;
190429;0000;20;;;
190430;0000;41;;;
190501;0000;24;;;
190502;0000;9;;;
190503;0000;9;;;
190504;0000;19;;;
190505;0000;20;;;
190506;0000;25;;;
190507;0000;22;;;
190508;0000;21;;;
190509;0000;33;;;
190510;0000;38;;;
190511;0000;28;;;
190512;0000;27;;;
190513;0000;49;;;
190514;0000;54;;;
190515;0000;47;;;
190516;0000;27;;;
190517;0000;28;;;
190518;0000;34;;;
190519;0000;29;;;
190520;0000;32;;;
190521;0000;48;;;
190522;0000;73;;;
190523;0000;72;;;
190524;0000;112;;;
190525;0000;111;;;
190526;0000;59;;;
190527;0000;38;;;
190528;0000;27;;;
190529;0000;18;;;
190530;0000;12;;;
190531;0000;10;;;
190601;0000;12;;;
190602;0000;19;;;
190603;0000;25;;;
190604;0000;14;;;
190605;0000;13;;;
190606;0000;27;;;
190607;0000;32;;;
190608;0000;51;;;
190609;0000;45;;;
190610;0000;32;;;
190611;0000;28;;;
190612;0000;12;;;
190613;0000;;;;
190614;0000;;;;
190615;0000;55;;;
190616;0000;66;;;
190617;0000;48;;;
190618;0000;47;;;
190619;0000;48;;;
190620;0000;62;;;
190621;0000;48;;;
190622;0000;57;;;
190623;0000;31;;;
190624;0000;34;;;
190625;0000;30;;;
190626;0000;8;;;
190627;0000;24;;;
190628;0000;11;;;
190629;0000;32;;;
190630;0000;42;;;
190701;0000;32;;;
190702;0000;41;;;
190703;0000;32;;;
190704;0000;30;;;
190705;0000;;;;
190706;0000;85;;;
190707;0000;37;;;
190708;0000;29;;;
190709;0000;20;;;
190710;0000;33;;;
190711;0000;34;;;
190712;0000;30;;;
190713;0000;31;;;
190714;0000;30;;;
190715;0000;34;;;
190716;0000;43;;;
190717;0000;25;;;
190718;0000;33;;;
190719;0000;31;;;
190720;0000;15;;;
190721;0000;21;;;
190722;0000;29;;;
190723;0000;43;;;
190724;0000;54;;;
190725;0000;65;;;
190726;0000;49;;;
190727;0000;38;;;
190728;0000;24;;;
190729;0000;17;;;
190730;0000;16;;;
190731;0000;20;;;
190801;0000;30;;;
190802;0000;26;;;
190803;0000;46;;;
190804;0000;44;;;
190805;0000;31;;;
190806;0000;35;;;
190807;0000;29;;;
190808;0000;55;;;
190809;0000;32;;;
190810;0000;;;;
190811;0000;21;;;
190812;0000;19;;;
190813;0000;58;;;
190814;0000;39;;;
190815;0000;29;;;
190816;0000;28;;;
190817;0000;27;;;
190818;0000;26;;;
190819;0000;27;;;
190820;0000;40;;;
190821;0000;40;;;
190822;0000;;;;
190823;0000;58;;;
190824;0000;41;;;
190825;0000;31;;;
190826;0000;17;;;
190827;0000;21;;;
190828;0000;13;;;
190829;0000;23;;;
190830;0000;25;;;
190831;0000;36;;;
190901;0000;39;;;
190902;0000;41;;;
190903;0000;;;;
190904;0000;41;;;
190905;0000;38;;;
190906;0000;34;;;
190907;0000;34;;;
190908;0000;28;;;
190909;0000;11;;;
190910;0000;37;;;
190911;0000;38;;;
190912;0000;30;;;
190913;0000;28;;;
190914;0000;25;;;
190915;0000;14;;;
190916;0000;27;;;
190917;0000;35;;;
190918;0000;18;;;
190919;0000;18;;;
190920;0000;19;;;
190921;0000;17;;;
190922;0000;19;;;
190923;0000;17;;;
190924;0000;18;;;
190925;0000;25;;;
190926;0000;21;;;
190927;0000;21;;;
190928;0000;29;;;
190929;0000;16;;;
190930;0000;19;;;
191001;0000;15;;;
191002;0000;14;;;
191003;0000;16;;;
191004;0000;17;;;
191005;0000;26;;;
191006;0000;16;;;
191007;0000;10;;;
191008;0000;15;;;
191009;0000;12;;;
191010;0000;16;;;
191011;0000;15;;;
191012;0000;17;;;
191013;0000;14;;;
191014;0000;14;;;
191015;0000;16;;;
191016;0000;18;;;
191017;0000;15;;;
191018;0000;18;;;
191019;0000;21;;;
191020;0000;20;;;
191021;0000;9;;;
191022;0000;15;;;
191023;0000;25;;;
191024;0000;14;;;
191025;0000;9;;;
191026;0000;8;;;
191027;0000;14;;;
191028;0000;8;;;
191029;0000;14;;;
191030;0000;10;;;
191031;0000;19;;;
191101;0000;16;;;
191102;0000;15;;;
191103;0000;9;;;
191104;0000;6;;;
191105;0000;11;;;
191106;0000;12;;;
191107;0000;9;;;
191108;0000;14;;;
191109;0000;12;;;
191110;0000;13;;;
191111;0000;12;;;
191112;0000;12;;;
191113;0000;12;;;
191114;0000;6;;;
191115;0000;5;;;
191116;0000;4;;;
191117;0000;7;;;
191118;0000;9;;;
191119;0000;9;;;
191120;0000;7;;;
191121;0000;11;;;
191122;0000;11;;;
191123;0000;9;;;
191124;0000;8;;;
191125;0000;6;;;
191126;0000;;;;
191127;0000;;;;
191128;0000;;;;
191129;0000;;;8;
191130;0000;8;;;
191201;0000;9;;;
191202;0000;6;;;
191203;0000;7;;;
191204;0000;10;;;
191205;0000;13;;;
191206;0000;9;;;
191207;0000;11;;;
191208;0000;7;;;
191209;0000;7;;;
191210;0000;5;;;
191211;0000;7;;;
191212;0000;8;;;
191213;0000;8;;;
191214;0000;7;;;
191215;0000;7;;;
191216;0000;7;;;
191217;0000;6;;;
191218;0000;5;;;
191219;0000;6;;;
191220;0000;8;;;
191221;0000;11;;;
191222;0000;10;;;
191223;0000;4;;;
191224;0000;3;;;
191225;0000;6;;;
191226;0000;;;;
191227;0000;4;;;
191228;0000;7;;;
191229;0000;9;;;
191230;0000;;;;
191231;0000;;;;
200101;0000;16;;;
200102;0000;13;;;
200103;0000;70;;;
200104;0000;57;;;
200105;0000;18;;;
200106;0000;5;;;
200107;0000;5;;;
200108;0000;6;;;
200109;0000;5;;;
200110;0000;6;;;
200111;0000;10;;;
200112;0000;9;;;
200113;0000;7;;;
200114;0000;5;;;
200115;0000;5;;;
200116;0000;18;;;
200117;0000;27;;;
200118;0000;19;;;
200119;0000;13;;;
200120;0000;12;;;
200121;0000;9;;;
200122;0000;9;;;
200123;0000;7;;;
200124;0000;9;;;
200125;0000;48;;;
200126;0000;39;;;
200127;0000;15;;;
200128;0000;13;;;
200129;0000;;;;
200130;0000;16;;;
200131;0000;9;;;
200201;0000;8;;;
200202;0000;6;;;
200203;0000;5;;;
200204;0000;3;;;
200205;0000;8;;;
200206;0000;5;;;
200207;0000;8;;;
200208;0000;;;;
200209;0000;10;;;
200210;0000;15;;;
200211;0000;21;;;
200212;0000;8;;;
200213;0000;18;;;
200214;0000;21;;;
200215;0000;13;;;
200216;0000;4;;;
200217;0000;4;;;
200218;0000;11;;;
200219;0000;8;;;
200220;0000;21;;;
200221;0000;12;;;
200222;0000;11;;;
200223;0000;15;;;
200224;0000;8;;;
200225;0000;;;8;
200226;0000;;;10;
200227;0000;11;;;
200228;0000;12;;;
200229;0000;9;;;
200301;0000;6;;;
200302;0000;11;;;
200303;0000;8;;;
200304;0000;14;;;
200305;0000;21;;;
200306;0000;10;;;
200307;0000;12;;;
200308;0000;12;;;
200309;0000;10;;;
200310;0000;6;;;
200311;0000;5;;;
200312;0000;4;;;
200313;0000;4;;;
200314;0000;11;;;
200315;0000;6;;;
200316;0000;6;;;
200317;0000;5;;;
200318;0000;7;;;
200319;0000;12;;;
200320;0000;9;;;
200321;0000;9;;;
200322;0000;7;;;
200323;0000;3;;;
200324;0000;4;;;
200325;0000;10;;;
200326;0000;13;;;
200327;0000;12;;;
200328;0000;10;;;
200329;0000;14;;;
200330;0000;17;;;
200331;0000;15;;;
200401;0000;16;;;
200402;0000;19;;;
200403;0000;13;;;
200404;0000;15;;;
200405;0000;13;;;
200406;0000;23;;;
200407;0000;30;;;
200408;0000;23;;;
200409;0000;30;;;
200410;0000;15;;;
200411;0000;15;;;
200412;0000;24;;;
200413;0000;30;;;
200414;0000;36;;;
200415;0000;32;;;
200416;0000;19;;;
200417;0000;13;;;
200418;0000;18;;;
200419;0000;26;;;
200420;0000;22;;;
200421;0000;31;;;
200422;0000;25;;;
200423;0000;25;;;
200424;0000;5;;;
200425;0000;14;;;
200426;0000;9;;;
200427;0000;13;;;
200428;0000;33;;;
200429;0000;18;;;
200430;0000;36;;;
200501;0000;40;;;
200502;0000;35;;;
200503;0000;26;;;
200504;0000;25;;;
200505;0000;28;;;
200506;0000;50;;;
200507;0000;53;;;
200508;0000;34;;;
200509;0000;10;;;
200510;0000;21;;;
200511;0000;20;;;
200512;0000;36;;;
200513;0000;33;;;
200514;0000;27;;;
200515;0000;23;;;
200516;0000;30;;;
200517;0000;33;;;
200518;0000;16;;;
200519;0000;7;;;
200520;0000;28;;;
200521;0000;28;;;
200522;0000;41;;;
200523;0000;45;;;
200524;0000;43;;;
200525;0000;41;;;
200526;0000;48;;;
200527;0000;41;;;
200528;0000;41;;;
200529;0000;39;;;
200530;0000;80;;;
200531;0000;66;;;
200601;0000;74;;;
200602;0000;;;;
200603;0000;44;;;
200604;0000;42;;;
200605;0000;36;;;
200606;0000;24;;;
200607;0000;32;;;
200608;0000;23;;;
200609;0000;35;;;
200610;0000;18;;;
200611;0000;;;;
200612;0000;;;;
200613;0000;;;;
200614;0000;54;;;
200615;0000;36;;;
200616;0000;27;;;
200617;0000;21;;;
200618;0000;8;;;
200619;0000;33;;;
200620;0000;23;;;
200621;0000;14;;;
200622;0000;32;;;
200623;0000;37;;;
200624;0000;16;;;
200625;0000;20;;;
200626;0000;14;;;
200627;0000;18;;;
200628;0000;14;;;
200629;0000;17;;;
200630;0000;12;;;
200701;0000;18;;;
200702;0000;34;;;
200703;0000;21;;;
200704;0000;17;;;
200705;0000;24;;;
200706;0000;46;;;
200707;0000;22;;;
200708;0000;24;;;
200709;0000;11;;;
200710;0000;19;;;
200711;0000;28;;;
200712;0000;11;;;
200713;0000;24;;;
200714;0000;52;;;
200715;0000;64;;;
200716;0000;24;;;
200717;0000;8;;;
200718;0000;10;;;
200719;0000;19;;;
200720;0000;14;;;
200721;0000;18;;;
200722;0000;42;;;
200723;0000;54;;;
200724;0000;38;;;
200725;0000;20;;;
200726;0000;15;;;
200727;0000;34;;;
200728;0000;43;;;
200729;0000;55;;;
200730;0000;41;;;
200731;0000;47;;;
200801;0000;34;;;
200802;0000;19;;;
200803;0000;14;;;
200804;0000;18;;;
200805;0000;25;;;
200806;0000;32;;;
200807;0000;51;;;
200808;0000;39;;;
200809;0000;18;;;
200810;0000;39;;;
200811;0000;36;;;
200812;0000;26;;;
200813;0000;24;;;
200814;0000;20;;;
200815;0000;51;;;
200816;0000;47;;;
200817;0000;18;;;
200818;0000;36;;;
200819;0000;53;;;
200820;0000;44;;;
200821;0000;40;;;
200822;0000;35;;;
200823;0000;20;;;
200824;0000;12;;;
200825;0000;5;;;
200826;0000;15;;;
200827;0000;21;;;
200828;0000;15;;;
200829;0000;30;;;
200830;0000;29;;;
200831;0000;33;;;
200901;0000;42;;;
200902;0000;48;;;
200903;0000;53;;;
200904;0000;33;;;
200905;0000;36;;;
200906;0000;34;;;
200907;0000;35;;;
200908;0000;23;;;
200909;0000;20;;;
200910;0000;16;;;
200911;0000;10;;;
200912;0000;20;;;
200913;0000;35;;;
200914;0000;26;;;
200915;0000;26;;;
200916;0000;12;;;
200917;0000;20;;;
200918;0000;16;;;
200919;0000;22;;;
200920;0000;21;;;
200921;0000;14;;;
200922;0000;21;;;
200923;0000;23;;;
200924;0000;20;;;
200925;0000;30;;;
200926;0000;30;;;
200927;0000;19;;;
200928;0000;12;;;
200929;0000;5;;;
200930;0000;11;;;
201001;0000;9;;;
201002;0000;13;;;
201003;0000;14;;;
201004;0000;21;;;
201005;0000;17;;;
201006;0000;12;;;
201007;0000;8;;;
201008;0000;9;;;
201009;0000;9;;;
201010;0000;12;;;
201011;0000;19;;;
201012;0000;13;;;
201013;0000;15;;;
201014;0000;11;;;
201015;0000;14;;;
201016;0000;9;;;
201017;0000;11;;;
201018;0000;9;;;
201019;0000;10;;;
201020;0000;10;;;
201021;0000;13;;;
201022;0000;13;;;
201023;0000;15;;;
201024;0000;16;;;
201025;0000;5;;;
201026;0000;6;;;
201027;0000;5;;;
201028;0000;3;;;
201029;0000;8;;;
201030;0000;12;;;
201031;0000;15;;;
201101;0000;6;;;
201102;0000;14;;;
201103;0000;12;;;
201104;0000;7;;;
201105;0000;9;;;
201106;0000;9;;;
201107;0000;11;;;
201108;0000;8;;;
201109;0000;9;;;
201110;0000;8;;;
201111;0000;8;;;
201112;0000;6;;;
201113;0000;4;;;
201114;0000;6;;;
201115;0000;7;;;
201116;0000;7;;;
201117;0000;7;;;
201118;0000;5;;;
201119;0000;6;;;
201120;0000;4;;;
201121;0000;3;;;
201122;0000;2;;;
201123;0000;3;;;
201124;0000;3;;;
201125;0000;4;;;
201126;0000;7;;;
201127;0000;;;6;
201128;0000;;;4;
201129;0000;;;3;
201130;0000;;;8;
201201;0000;10;;;
201202;0000;6;;;
201203;0000;7;;;
201204;0000;8;;;
201205;0000;14;;;
201206;0000;13;;;
201207;0000;7;;;
201208;0000;7;;;
201209;0000;8;;;
201210;0000;7;;;
201211;0000;6;;;
201212;0000;7;;;
201213;0000;4;;;
201214;0000;5;;;
201215;0000;11;;;
201216;0000;9;;;
201217;0000;11;;;
201218;0000;7;;;
201219;0000;6;;;
201220;0000;5;;;
201221;0000;7;;;
201222;0000;6;;;
201223;0000;6;;;
201224;0000;6;;;
201225;0000;7;;;
201226;0000;6;;;
201227;0000;6;;;
201228;0000;5;;;
201229;0000;5;;;
201230;0000;5;;;
201231;0000;9;;;
210101;0000;11;;;
210102;0000;9;;;
210103;0000;8;;;
210104;0000;10;;;
210105;0000;13;;;
210106;0000;10;;;
210107;0000;7;;;
210108;0000;11;;;
210109;0000;6;;;
210110;0000;6;;;
210111;0000;7;;;
210112;0000;8;;;
210113;0000;8;;;
210114;0000;13;;;
210115;0000;13;;;
210116;0000;17;;;
210117;0000;15;;;
210118;0000;8;;;
210119;0000;12;;;
210120;0000;12;;;
210121;0000;9;;;
210122;0000;8;;;
210123;0000;9;;;
210124;0000;10;;;
210125;0000;7;;;
210126;0000;7;;;
210127;0000;6;;;
210128;0000;8;;;
210129;0000;4;;;
210130;0000;6;;;
210131;0000;13;;;
210201;0000;6;;;
210202;0000;7;;;
210203;0000;12;;;
210204;0000;9;;;
210205;0000;6;;;
210206;0000;10;;;
210207;0000;9;;;
210208;0000;7;;;
210209;0000;10;;;
210210;0000;10;;;
210211;0000;10;;;
210212;0000;9;;;
210213;0000;8;;;
210214;0000;6;;;
210215;0000;8;;;
210216;0000;8;;;
210217;0000;6;;;
210218;0000;3;;;
210219;0000;6;;;
210220;0000;9;;;
210221;0000;7;;;
210222;0000;;6;;
210223;0000;6;;;
210224;0000;12;;;
210225;0000;12;;;
210226;0000;8;;;
210227;0000;7;;;
210228;0000;7;;;
210301;0000;7;;;
210302;0000;8;;;
210303;0000;9;;;
210304;0000;7;;;
210305;0000;6;;;
210306;0000;9;;;
210307;0000;7;;;
210308;0000;8;;;
210309;0000;9;;;
210310;0000;3;;;
210311;0000;6;;;
210312;0000;9;;;
210313;0000;12;;;
210314;0000;14;;;
210315;0000;12;;;
210316;0000;15;;;
210317;0000;14;;;
210318;0000;11;;;
210319;0000;15;;;
210320;0000;7;;;
210321;0000;9;;;
210322;0000;12;;;
210323;0000;9;;;
210324;0000;9;;;
210325;0000;14;;;
210326;0000;16;;;
210327;0000;14;;;
210328;0000;10;;;
210329;0000;16;;;
210330;0000;25;;;
210331;0000;21;;;
210401;0000;19;;;
210402;0000;11;;;
210403;0000;15;;;
210404;0000;12;;;
210405;0000;14;;;
210406;0000;18;;;
210407;0000;24;;;
210408;0000;28;;;
210409;0000;23;;;
210410;0000;27;;;
210411;0000;26;;;
210412;0000;10;;;
210413;0000;;17;;
210414;0000;14;;;
210415;0000;13;;;
210416;0000;21;;;
210417;0000;16;;;
210418;0000;17;;;
210419;0000;10;;;
210420;0000;;;;
210421;0000;17;;;
210422;0000;28;;;
210423;0000;22;;;
210424;0000;33;;;
210425;0000;41;;;
210426;0000;26;;;
210427;0000;21;;;
210428;0000;18;;;
210429;0000;24;;;
210430;0000;26;;;
210501;0000;14;;;
210502;0000;19;;;
210503;0000;33;;;
210504;0000;32;;;
210505;0000;48;;;
210506;0000;62;;;
210507;0000;41;;;
210508;0000;48;;;
210509;0000;34;;;
210510;0000;57;;;
210511;0000;64;;;
210512;0000;59;;;
210513;0000;64;;;
210514;0000;51;;;
210515;0000;54;;;
210516;0000;38;;;
210517;0000;53;;;
210518;0000;38;;;
210519;0000;14;;;
210520;0000;32;;;
210521;0000;29;;;
210522;0000;38;;;
210523;0000;35;;;
210524;0000;40;;;
210525;0000;44;;;
210526;0000;37;;;
210527;0000;24;;;
210528;0000;28;;;
210529;0000;36;;;
210530;0000;30;;;
210531;0000;19;;;
210601;0000;17;;;
210602;0000;30;;;
210603;0000;19;;;
210604;0000;22;;;
210605;0000;30;;;
210606;0000;32;;;
210607;0000;36;;;
210608;0000;20;;;
210609;0000;;26;;
210610;0000;;48;;
210611;0000;48;;;
210612;0000;31;;;
210613;0000;52;;;
210614;0000;62;;;
210615;0000;57;;;
210616;0000;47;;;
210617;0000;56;;;
210618;0000;47;;;
210619;0000;62;;;
210620;0000;55;;;
210621;0000;33;;;
210622;0000;24;;;
210623;0000;27;;;
210624;0000;28;;;
210625;0000;23;;;
210626;0000;26;;;
210627;0000;57;;;
210628;0000;64;;;
210629;0000;80;;;
210630;0000;68;;;
210701;0000;32;;;
210702;0000;44;;;
210703;0000;43;;;
210704;0000;28;;;
210705;0000;32;;;
210706;0000;37;;;
210707;0000;32;;;
210708;0000;24;;;
210709;0000;33;;;
210710;0000;38;;;
210711;0000;35;;;
210712;0000;16;;;
210713;0000;43;;;
210714;0000;50;;;
210715;0000;46;;;
210716;0000;52;;;
210717;0000;53;;;
210718;0000;64;;;
210719;0000;64;;;
210720;0000;67;;;
210721;0000;37;;;
210722;0000;33;;;
210723;0000;43;;;
210724;0000;30;;;
210725;0000;9;;;
210726;0000;39;;;
210727;0000;50;;;
210728;0000;73;;;
210729;0000;55;;;
210730;0000;37;;;
210731;0000;55;;;
210801;0000;55;;;
210802;0000;54;;;
210803;0000;71;;;
210804;0000;45;;;
210805;0000;32;;;
210806;0000;28;;;
210807;0000;29;;;
210808;0000;39;;;
210809;0000;52;;;
210810;0000;54;;;
210811;0000;51;;;
210812;0000;72;;;
210813;0000;60;;;
210814;0000;40;;;
210815;0000;32;;;
210816;0000;16;;;
210817;0000;14;;;
210818;0000;13;;;
210819;0000;8;;;
210820;0000;16;;;
210821;0000;;;10;
210822;0000;27;;;
210823;0000;35;;;
210824;0000;30;;;
210825;0000;28;;;
210826;0000;20;;;
210827;0000;23;;;
210828;0000;24;;;
210829;0000;14;;;
210830;0000;17;;;
210831;0000;25;;;
210901;0000;27;;;
210902;0000;34;;;
210903;0000;30;;;
210904;0000;25;;;
210905;0000;24;;;
210906;0000;20;;;
210907;0000;24;;;
210908;0000;30;;;
210909;0000;20;;;
210910;0000;21;;;
210911;0000;;;11;
210912;0000;;;;
210913;0000;;;;
210914;0000;15;;;
210915;0000;18;;;
210916;0000;13;;;
210917;0000;21;;;
210918;0000;20;;;
210919;0000;18;;;
210920;0000;24;;;
210921;0000;19;;;
210922;0000;16;;;
210923;0000;26;;;
210924;0000;18;;;
210925;0000;16;;;
210926;0000;16;;;
210927;0000;25;;;
210928;0000;23;;;
210929;0000;14;;;
210930;0000;16;;;
211001;0000;11;;;
211002;0000;24;;;
211003;0000;18;;;
211004;0000;;;;
211005;0000;;;;
211006;0000;12;;;
211007;0000;20;;;
211008;0000;18;;;
211009;0000;18;;;
211010;0000;18;;;
211011;0000;19;;;
211012;0000;23;;;
211013;0000;9;;;
211014;0000;13;;;
211015;0000;22;;;
211016;0000;24;;;
211017;0000;21;;;
211018;0000;13;;;
211019;0000;;;11;
211020;0000;8;;;
211021;0000;13;;;
211022;0000;13;;;
211023;0000;14;;;
211024;0000;8;;;
211025;0000;7;;;
211026;0000;8;;;
211027;0000;9;;;
211028;0000;10;;;
211029;0000;10;;;
211030;0000;12;;;
211031;0000;13;;;
211101;0000;9;;;
211102;0000;8;;;
211103;0000;9;;;
211104;0000;8;;;
211105;0000;9;;;
211106;0000;12;;;
211107;0000;9;;;
211108;0000;7;;;
211109;0000;9;;;
211110;0000;8;;;
211111;0000;7;;;
211112;0000;5;;;
211113;0000;6;;;
211114;0000;5;;;
211115;0000;4;;;
211116;0000;7;;;
211117;0000;9;;;
211118;0000;8;;;
211119;0000;7;;;
211120;0000;12;;;
211121;0000;7;;;
211122;0000;4;;;
211123;0000;8;;;
211124;0000;6;;;
211125;0000;7;;;
211126;0000;6;;;
211127;0000;9;;;
211128;0000;7;;;
211129;0000;;;5;
211130;0000;;;3;
211201;0000;;;3;
211202;0000;;;9;
211203;0000;13;;;
211204;0000;35;;;
211205;0000;23;;;
211206;0000;11;;;
211207;0000;9;;;
211208;0000;11;;;
211209;0000;14;;;
211210;0000;13;;;
211211;0000;6;;;
211212;0000;6;;;
211213;0000;6;;;
211214;0000;6;;;
211215;0000;13;;;
211216;0000;;;17;
211217;0000;;;19;
211218;0000;10;;;
211219;0000;10;;;
211220;0000;12;;;
211221;0000;11;;;
211222;0000;15;;;
211223;0000;12;;;
211224;0000;10;;;
211225;0000;10;;;
211226;0000;10;;;
211227;0000;16;;;
211228;0000;17;;;
211229;0000;10;;;
211230;0000;7;;;
211231;0000;6;;;
220101;0000;7;;;
220102;0000;4;;;
220103;0000;4;;;
220104;0000;5;;;
220105;0000;7;;;
220106;0000;8;;;
220107;0000;10;;;
220108;0000;7;;;
220109;0000;4;;;
220110;0000;5;;;
220111;0000;8;;;
220112;0000;9;;;
220113;0000;6;;;
220114;0000;7;;;
220115;0000;17;;;
220116;0000;4;;;
220117;0000;5;;;
220118;0000;6;;;
220119;0000;5;;;
220120;0000;4;;;
220121;0000;4;;;
220122;0000;5;;;
220123;0000;5;;;
220124;0000;5;;;
220125;0000;5;;;
220126;0000;8;;;
220127;0000;9;;;
220128;0000;3;;;
220129;0000;8;;;
220130;0000;8;;;
220131;0000;7;;;
220201;0000;11;;;
220202;0000;12;;;
220203;0000;9;;;
220204;0000;6;;;
220205;0000;6;;;
220206;0000;8;;;
220207;0000;11;;;
220208;0000;7;;;
220209;0000;10;;;
220210;0000;25;;;
220211;0000;17;;;
220212;0000;22;;;
220213;0000;17;;;
220214;0000;9;;;
220215;0000;10;;;
220216;0000;11;;;
220217;0000;37;;;
220218;0000;20;;;
220219;0000;24;;;
220220;0000;6;;;
220221;0000;10;;;
220222;0000;10;;;
220223;0000;7;;;
220224;0000;8;;;
220225;0000;7;;;
220226;0000;5;;;
220227;0000;6;;;
220228;0000;5;;;
220301;0000;6;;;
220302;0000;9;;;
220303;0000;9;;;
220304;0000;7;;;
220305;0000;7;;;
220306;0000;5;;;
220307;0000;4;;;
220308;0000;5;;;
220309;0000;6;;;
220310;0000;6;;;
220311;0000;8;;;
220312;0000;15;;;
220313;0000;14;;;
220314;0000;8;;;
220315;0000;26;;;
220316;0000;19;;;
220317;0000;8;;;
220318;0000;11;;;
220319;0000;17;;;
220320;0000;8;;;
220321;0000;7;;;
220322;0000;8;;;
220323;0000;6;;;
220324;0000;8;;;
220325;0000;11;;;
220326;0000;12;;;
220327;0000;9;;;
220328;0000;8;;;
220329;0000;7;;;
220330;0000;14;;;
220331;0000;15;;;
220401;0000;20;;;
220402;0000;10;;;
220403;0000;11;;;
220404;0000;19;;;
220405;0000;12;;;
220406;0000;10;;;
220407;0000;10;;;
220408;0000;9;;;
220409;0000;21;;;
220410;0000;21;;;
220411;0000;11;;;
220412;0000;22;;;
220413;0000;30;;;
220414;0000;25;;;
220415;0000;15;;;
220416;0000;21;;;
220417;0000;33;;;
220418;0000;23;;;
220419;0000;28;;;
220420;0000;35;;;
220421;0000;26;;;
220422;0000;9;;;
220423;0000;15;;;
220424;0000;;;;
220425;0000;16;;;
220426;0000;15;;;
220427;0000;15;;;
220428;0000;17;;;
220429;0000;38;;;
220430;0000;54;;;
220501;0000;53;;;
220502;0000;46;;;
220503;0000;61;;;
220504;0000;67;;;
220505;0000;49;;;
220506;0000;39;;;
220507;0000;35;;;
220508;0000;44;;;
220509;0000;38;;;
220510;0000;33;;;
220511;0000;41;;;
220512;0000;36;;;
220513;0000;24;;;
220514;0000;45;;;
220515;0000;50;;;
220516;0000;56;;;
220517;0000;46;;;
220518;0000;41;;;
220519;0000;28;;;
220520;0000;26;;;
220521;0000;37;;;
220522;0000;18;;;
220523;0000;20;;;
220524;0000;23;;;
220525;0000;26;;;
220526;0000;34;;;
220527;0000;41;;;
220528;0000;35;;;
220529;0000;49;;;
220530;0000;52;;;
220531;0000;59;;;
220601;0000;70;;;
220602;0000;79;;;
220603;0000;18;;;
220604;0000;10;;;
220605;0000;14;;;
220606;0000;22;;;
220607;0000;21;;;
220608;0000;45;;;
220609;0000;42;;;
220610;0000;51;;;
220611;0000;69;;;
220612;0000;39;;;
220613;0000;35;;;
220614;0000;22;;;
220615;0000;23;;;
220616;0000;34;;;
220617;0000;27;;;
220618;0000;41;;;
220619;0000;60;;;
220620;0000;33;;;
220621;0000;33;;;
220622;0000;22;;;
220623;0000;15;;;
220624;0000;23;;;
220625;0000;53;;;
220626;0000;37;;;
220627;0000;38;;;
220628;0000;10;;;
220629;0000;22;;;
220630;0000;21;;;
220701;0000;20;;;
220702;0000;35;;;
220703;0000;22;;;
220704;0000;39;;;
220705;0000;9;;;
220706;0000;21;;;
220707;0000;34;;;
220708;0000;17;;;
220709;0000;25;;;
220710;0000;37;;;
220711;0000;41;;;
220712;0000;26;;;
220713;0000;18;;;
220714;0000;8;;;
220715;0000;35;;;
220716;0000;34;;;
220717;0000;32;;;
220718;0000;31;;;
220719;0000;31;;;
220720;0000;32;;;
220721;0000;33;;;
220722;0000;20;;;
220723;0000;20;;;
220724;0000;17;;;
220725;0000;10;;;
220726;0000;29;;;
220727;0000;38;;;
220728;0000;29;;;
220729;0000;54;;;
220730;0000;49;;;
220731;0000;66;;;
220801;0000;42;;;
220802;0000;52;;;
220803;0000;46;;;
220804;0000;35;;;
220805;0000;20;;;
220806;0000;;;;
220807;0000;24;;;
220808;0000;30;;;
220809;0000;36;;;
220810;0000;51;;;
220811;0000;33;;;
220812;0000;13;;;
220813;0000;10;;;
220814;0000;25;;;
220815;0000;15;;;
220816;0000;15;;;
220817;0000;30;;;
220818;0000;26;;;
220819;0000;35;;;
220820;0000;36;;;
220821;0000;31;;;
220822;0000;27;;;
220823;0000;18;;;
220824;0000;42;;;
220825;0000;43;;;
220826;0000;41;;;
220827;0000;43;;;
220828;0000;43;;;
220829;0000;27;;;
220830;0000;30;;;
220831;0000;45;;;
220901;0000;37;;;
220902;0000;31;;;
220903;0000;46;;;
220904;0000;35;;;
220905;0000;38;;;
220906;0000;35;;;
220907;0000;7;;;
220908;0000;34;;;
220909;0000;25;;;
220910;0000;35;;;
220911;0000;39;;;
220912;0000;32;;;
220913;0000;41;;;
220914;0000;24;;;
220915;0000;16;;;
220916;0000;10;;;
220917;0000;8;;;
220918;0000;21;;;
220919;0000;14;;;
220920;0000;18;;;
220921;0000;16;;;
220922;0000;13;;;
220923;0000;17;;;
220924;0000;28;;;
220925;0000;25;;;
220926;0000;25;;;
220927;0000;20;;;
220928;0000;20;;;
220929;0000;16;;;
220930;0000;16;;;
221001;0000;14;;;
221002;0000;17;;;
221003;0000;17;;;
221004;0000;17;;;
221005;0000;10;;;
221006;0000;12;;;
221007;0000;11;;;
221008;0000;14;;;
221009;0000;20;;;
221010;0000;12;;;
221011;0000;11;;;
221012;0000;8;;;
221013;0000;15;;;
221014;0000;19;;;
221015;0000;14;;;
221016;0000;11;;;
221017;0000;13;;;
221018;0000;8;;;
221019;0000;14;;;
221020;0000;6;;;
221021;0000;7;;;
221022;0000;14;;;
221023;0000;13;;;
221024;0000;7;;;
221025;0000;9;;;
221026;0000;5;;;
221027;0000;7;;;
221028;0000;11;;;
221029;0000;5;;;
221030;0000;11;;;
221031;0000;11;;;
221101;0000;8;;;
221102;0000;12;;;
221103;0000;17;;;
221104;0000;14;;;
221105;0000;11;;;
221106;0000;12;;;
221107;0000;12;;;
221108;0000;13;;;
221109;0000;9;;;
221110;0000;7;;;
221111;0000;7;;;
221112;0000;9;;;
221113;0000;9;;;
221114;0000;6;;;
221115;0000;7;;;
221116;0000;7;;;
221117;0000;8;;;
221118;0000;6;;;
221119;0000;10;;;
221120;0000;12;;;
221121;0000;8;;;
221122;0000;;;7;
221123;0000;;;4;
221124;0000;;;4;
221125;0000;;;10;
221126;0000;11;;;
221127;0000;11;;;
221128;0000;8;;;
221129;0000;7;;;
221130;0000;9;;;
221201;0000;9;;;
221202;0000;13;;;
221203;0000;6;;;
221204;0000;8;;;
221205;0000;7;;;
221206;0000;7;;;
221207;0000;5;;;
221208;0000;4;;;
221209;0000;3;;;
221210;0000;8;;;
221211;0000;8;;;
221212;0000;8;;;
221213;0000;4;;;
221214;0000;5;;;
221215;0000;7;;;
221216;0000;9;;;
221217;0000;11;;;
221218;0000;16;;;
221219;0000;6;;;
221220;0000;5;;;
221221;0000;9;;;
221222;0000;6;;;
221223;0000;6;;;
221224;0000;10;;;
221225;0000;13;;;
221226;0000;9;;;
221227;0000;11;;;
221228;0000;9;;;
221229;0000;14;;;
221230;0000;45;;;
221231;0000;17;;;
230101;0000;11;;;
230102;0000;8;;;
230103;0000;7;;;
230104;0000;9;;;
230105;0000;6;;;
230106;0000;6;;;
230107;0000;5;;;
230108;0000;6;;;
230109;0000;6;;;
230110;0000;6;;;
230111;0000;8;;;
230112;0000;9;;;
230113;0000;8;;;
230114;0000;9;;;
230115;0000;8;;;
230116;0000;8;;;
230117;0000;10;;;
230118;0000;12;;;
230119;0000;8;;;
230120;0000;10;;;
230121;0000;9;;;
230122;0000;7;;;
230123;0000;5;;;
230124;0000;3;;;
230125;0000;6;;;
230126;0000;9;;;
230127;0000;7;;;
230128;0000;11;;;
230129;0000;7;;;
230130;0000;7;;;
230131;0000;8;;;
230201;0000;11;;;
230202;0000;11;;;
230203;0000;51;;;
230204;0000;60;;;
230205;0000;393;;;
230206;0000;126;;;
230207;0000;60;;;
230208;0000;67;;;
230209;0000;67;;;
230210;0000;9;;;
230211;0000;26;;;
230212;0000;4;;;
230213;0000;4;;;
230214;0000;11;;;
230215;0000;5;;;
230216;0000;9;;;
230217;0000;15;;;
230218;0000;34;;;
230219;0000;143;;;
230220;0000;232;;;
230221;0000;211;;;
230222;0000;120;;;
230223;0000;41;;;
230224;0000;8;;;
230225;0000;10;;;
230226;0000;11;;;
230227;0000;9;;;
230228;0000;10;;;
230301;0000;10;;;
230302;0000;15;;;
230303;0000;8;;;
230304;0000;9;;;
230305;0000;5;;;
230306;0000;6;;;
230307;0000;6;;;
230308;0000;3;;;
230309;0000;9;;;
230310;0000;9;;;
230311;0000;4;;;
230312;0000;4;;;
230313;0000;7;;;
230314;0000;6;;;
230315;0000;5;;;
230316;0000;11;;;
230317;0000;7;;;
230318;0000;7;;;
230319;0000;7;;;
230320;0000;13;;;
230321;0000;11;;;
230322;0000;14;;;
230323;0000;13;;;
230324;0000;17;;;
230325;0000;19;;;
230326;0000;13;;;
230327;0000;13;;;
230328;0000;6;;;
230329;0000;11;;;
230330;0000;29;;;
230331;0000;28;;;
230401;0000;16;;;
230402;0000;22;;;
230403;0000;18;;;
230404;0000;22;;;
230405;0000;19;;;
230406;0000;11;;;
230407;0000;26;;;
230408;0000;22;;;
230409;0000;16;;;
230410;0000;10;;;
230411;0000;7;;;
230412;0000;11;;;
230413;0000;8;;;
230414;0000;15;;;
230415;0000;20;;;
230416;0000;20;;;
230417;0000;16;;;
230418;0000;24;;;
230419;0000;17;;;
230420;0000;17;;;
230421;0000;21;;;
230422;0000;24;;;
230423;0000;26;;;
230424;0000;27;;;
230425;0000;23;;;
230426;0000;22;;;
230427;0000;15;;;
230428;0000;5;;;
230429;0000;8;;;
230430;0000;24;;;
230501;0000;28;;;
230502;0000;31;;;
230503;0000;36;;;
230504;0000;41;;;
230505;0000;23;;;
230506;0000;35;;;
230507;0000;45;;;
230508;0000;42;;;
230509;0000;47;;;
230510;0000;62;;;
230511;0000;51;;;
230512;0000;37;;;
230513;0000;44;;;
230514;0000;30;;;
230515;0000;40;;;
230516;0000;27;;;
230517;0000;28;;;
230518;0000;50;;;
230519;0000;53;;;
230520;0000;30;;;
230521;0000;21;;;
230522;0000;21;;;
230523;0000;49;;;
230524;0000;23;;;
230525;0000;20;;;
230526;0000;19;;;
230527;0000;43;;;
230528;0000;54;;;
230529;0000;52;;;
230530;0000;53;;;
230531;0000;22;;;
230601;0000;14;;;
230602;0000;15;;;
230603;0000;15;;;
230604;0000;25;;;
230605;0000;32;;;
230606;0000;20;;;
230607;0000;36;;;
230608;0000;7;;;
230609;0000;24;;;
230610;0000;26;;;
230611;0000;42;;;
230612;0000;75;;;
230613;0000;75;;;
230614;0000;73;;;
230615;0000;50;;;
230616;0000;51;;;
230617;0000;60;;;
230618;0000;73;;;
230619;0000;55;;;
230620;0000;79;;;
230621;0000;53;;;
230622;0000;8;;;
230623;0000;4;;;
230624;0000;23;;;
230625;0000;11;;;
230626;0000;14;;;
230627;0000;30;;;
230628;0000;29;;;
230629;0000;43;;;
230630;0000;54;;;
230701;0000;29;;;
230702;0000;22;;;
230703;0000;27;;;
230704;0000;23;;;
230705;0000;22;;;
230706;0000;41;;;
230707;0000;17;;;
230708;0000;19;;;
230709;0000;36;;;
230710;0000;39;;;
230711;0000;55;;;
230712;0000;75;;;
230713;0000;42;;;
230714;0000;51;;;
230715;0000;42;;;
230716;0000;54;;;
230717;0000;60;;;
230718;0000;87;;;
230719;0000;55;;;
230720;0000;11;;;
230721;0000;15;;;
230722;0000;28;;;
230723;0000;30;;;
230724;0000;15;;;
230725;0000;20;;;
230726;0000;26;;;
230727;0000;49;;;
230728;0000;50;;;
230729;0000;30;;;
230730;0000;32;;;
230731;0000;19;;;
230801;0000;23;;;
230802;0000;36;;;
230803;0000;49;;;
230804;0000;56;;;
230805;0000;48;;;
230806;0000;64;;;
230807;0000;48;;;
230808;0000;40;;;
230809;0000;26;;;
230810;0000;18;;;
230811;0000;32;;;
230812;0000;35;;;
230813;0000;40;;;
230814;0000;47;;;
230815;0000;20;;;
230816;0000;13;;;
230817;0000;28;;;
230818;0000;25;;;
230819;0000;8;;;
230820;0000;4;;;
230821;0000;13;;;
230822;0000;31;;;
230823;0000;20;;;
230824;0000;21;;;
230825;0000;31;;;
230826;0000;30;;;
230827;0000;47;;;
230828;0000;24;;;
230829;0000;20;;;
230830;0000;19;;;
230831;0000;29;;;
230901;0000;22;;;
230902;0000;33;;;
230903;0000;23;;;
230904;0000;22;;;
230905;0000;16;;;
230906;0000;25;;;
230907;0000;20;;;
230908;0000;14;;;
230909;0000;10;;;
230910;0000;11;;;
230911;0000;22;;;
230912;0000;16;;;
230913;0000;16;;;
230914;0000;;;;
230915;0000;6;;;
230916;0000;13;;;
230917;0000;15;;;
230918;0000;18;;;
230919;0000;17;;;
230920;0000;15;;;
230921;0000;7;;;
230922;0000;14;;;
230923;0000;23;;;
230924;0000;24;;;
230925;0000;17;;;
230926;0000;18;;;
230927;0000;15;;;
230928;0000;20;;;
230929;0000;25;;;
230930;0000;15;;;
231001;0000;13;;;
231002;0000;;;;
231003;0000;22;;;
231004;0000;14;;;
231005;0000;12;;;
231006;0000;;;8;
231007;0000;14;;;
231008;0000;15;;;
231009;0000;12;;;
231010;0000;9;;;
231011;0000;17;;;
231012;0000;15;;;
231013;0000;13;;;
231014;0000;12;;;
231015;0000;16;;;
231016;0000;11;;;
231017;0000;10;;;
231018;0000;12;;;
231019;0000;12;;;
231020;0000;11;;;
231021;0000;12;;;
231022;0000;16;;;
231023;0000;9;;;
231024;0000;11;;;
231025;0000;19;;;
231026;0000;8;;;
231027;0000;6;;;
231028;0000;6;;;
231029;0000;12;;;
231030;0000;8;;;
231031;0000;8;;;
231101;0000;10;;;
231102;0000;8;;;
231103;0000;9;;;
231104;0000;6;;;
231105;0000;8;;;
231106;0000;9;;;
231107;0000;4;;;
231108;0000;5;;;
231109;0000;7;;;
231110;0000;5;;;
231111;0000;6;;;
231112;0000;7;;;
231113;0000;6;;;
231114;0000;4;;;
231115;0000;8;;;
231116;0000;8;;;
231117;0000;8;;;
231118;0000;16;;;
231119;0000;7;;;
231120;0000;6;;;
231121;0000;;;5;
231122;0000;;;3;
231123;0000;;;1;
231124;0000;;;8;
231125;0000;13;;;
231126;0000;11;;;
231127;0000;7;;;
231128;0000;5;;;
231129;0000;10;;;
231130;0000;8;;;
231201;0000;4;;;
231202;0000;3;;;
231203;0000;8;;;
231204;0000;9;;;
231205;0000;13;;;
231206;0000;11;;;
231207;0000;8;;;
231208;0000;8;;;
231209;0000;7;;;
231210;0000;7;;;
231211;0000;7;;;
231212;0000;5;;;
231213;0000;9;;;
231214;0000;5;;;
231215;0000;6;;;
231216;0000;;;;
231217;0000;5;;;
231218;0000;7;;;
231219;0000;14;;;
231220;0000;11;;;
231221;0000;8;;;
231222;0000;8;;;
231223;0000;8;;;
231224;0000;13;;;
231225;0000;8;;;
231226;0000;10;;;
231227;0000;6;;;
231228;0000;8;;;
231229;0000;7;;;
231230;0000;5;;;
231231;0000;10;;;
240101;0000;;12;;
240102;0000;;8;;
240103;0000;;8;;
240104;0000;;10;;
240105;0000;;11;;
240106;0000;;3;;
240107;0000;;4;;
240108;0000;;5;;
240109;0000;;8;;
240110;0000;;9;;
240111;0000;;9;;
240112;0000;;6;;
240113;0000;;8;;
240114;0000;;9;;
240115;0000;;7;;
240116;0000;;6;;
240117;0000;;11;;
240118;0000;;8;;
240119;0000;;13;;
240120;0000;;17;;
240121;0000;;16;;
240122;0000;;13;;
240123;0000;;11;;
240124;0000;;13;;
240125;0000;;12;;
240126;0000;;10;;
240127;0000;;8;;
240128;0000;;11;;
240129;0000;;12;;
240130;0000;;10;;
240131;0000;;7;;
240201;0000;;6;;
240202;0000;;4;;
240203;0000;;10;;
240204;0000;;23;;
240205;0000;;11;;
240206;0000;;3;;
240207;0000;;7;;
240208;0000;;9;;
240209;0000;;11;;
240210;0000;;10;;
240211;0000;;9;;
240212;0000;;12;;
240213;0000;;11;;
240214;0000;;11;;
240215;0000;;9;;
240216;0000;;7;;
240217;0000;;11;;
240218;0000;;9;;
240219;0000;;10;;
240220;0000;;8;;
240221;0000;;7;;
240222;0000;;7;;
240223;0000;;7;;
240224;0000;;9;;
240225;0000;;10;;
240226;0000;;4;;
240227;0000;;5;;
240228;0000;;6;;
240229;0000;;9;;
240301;0000;;10;;
240302;0000;;11;;
240303;0000;;13;;
240304;0000;;13;;
240305;0000;;18;;
240306;0000;;14;;
240307;0000;;8;;
240308;0000;;8;;
240309;0000;;7;;
240310;0000;;10;;
240311;0000;;5;;
240312;0000;;6;;
240313;0000;;8;;
240314;0000;;8;;
240315;0000;;9;;
240316;0000;;10;;
240317;0000;;11;;
240318;0000;;10;;
240319;0000;;7;;
240320;0000;;6;;
240321;0000;;10;;
240322;0000;;10;;
240323;0000;;7;;
240324;0000;;8;;
240325;0000;;10;;
240326;0000;;8;;
240327;0000;;8;;
240328;0000;;17;;
240329;0000;;9;;
240330;0000;;11;;
240331;0000;;14;;
240401;0000;;;;
240402;0000;;;;
240403;0000;;21;;
240404;0000;;25;;
240405;0000;;22;;
240406;0000;;26;;
